Path,Sample,FileName,Classifier,Reference
/home/equ/mit_lieberman/projects/evan/phlame_benchmarking/2024_04_simulate_benchmarking/Cacnes_dropped/community_design/3-raw_data,20X_Cacnes_A,20X_Cacnes_A,Cacnes_classifiers,Pacnes_C1
/home/equ/mit_lieberman/projects/evan/phlame_benchmarking/2024_04_simulate_benchmarking/Cacnes_dropped/community_design/3-raw_data,20X_Cacnes_B,20X_Cacnes_B,Cacnes_classifiers,Pacnes_C1
/home/equ/mit_lieberman/projects/evan/phlame_benchmarking/2024_04_simulate_benchmarking/Cacnes_dropped/community_design/3-raw_data,20X_Cacnes_C,20X_Cacnes_C,Cacnes_classifiers,Pacnes_C1
/home/equ/mit_lieberman/projects/evan/phlame_benchmarking/2024_04_simulate_benchmarking/Cacnes_dropped/community_design/3-raw_data,20X_Cacnes_D,20X_Cacnes_D,Cacnes_classifiers,Pacnes_C1
/home/equ/mit_lieberman/projects/evan/phlame_benchmarking/2024_04_simulate_benchmarking/Cacnes_dropped/community_design/3-raw_data,20X_Cacnes_E,20X_Cacnes_E,Cacnes_classifiers,Pacnes_C1
/home/equ/mit_lieberman/projects/evan/phlame_benchmarking/2024_04_simulate_benchmarking/Cacnes_dropped/community_design/3-raw_data,20X_Cacnes_F,20X_Cacnes_F,Cacnes_classifiers,Pacnes_C1
/home/equ/mit_lieberman/projects/evan/phlame_benchmarking/2024_04_simulate_benchmarking/Cacnes_dropped/community_design/3-raw_data,20X_Cacnes_G,20X_Cacnes_G,Cacnes_classifiers,Pacnes_C1
/home/equ/mit_lieberman/projects/evan/phlame_benchmarking/2024_04_simulate_benchmarking/Cacnes_dropped/community_design/3-raw_data,20X_Cacnes_H,20X_Cacnes_H,Cacnes_classifiers,Pacnes_C1
/home/equ/mit_lieberman/projects/evan/phlame_benchmarking/2024_04_simulate_benchmarking/Cacnes_dropped/community_design/3-raw_data,20X_Cacnes_I,20X_Cacnes_I,Cacnes_classifiers,Pacnes_C1
/home/equ/mit_lieberman/projects/evan/phlame_benchmarking/2024_04_simulate_benchmarking/Cacnes_dropped/community_design/3-raw_data,20X_Cacnes_J,20X_Cacnes_J,Cacnes_classifiers,Pacnes_C1
/home/equ/mit_lieberman/projects/evan/phlame_benchmarking/2024_04_simulate_benchmarking/Cacnes_dropped/community_design/3-raw_data,20X_Cacnes_K,20X_Cacnes_K,Cacnes_classifiers,Pacnes_C1
/home/equ/mit_lieberman/projects/evan/phlame_benchmarking/2024_04_simulate_benchmarking/Cacnes_dropped/community_design/3-raw_data,20X_Cacnes_L,20X_Cacnes_L,Cacnes_classifiers,Pacnes_C1
/home/equ/mit_lieberman/projects/evan/phlame_benchmarking/2024_04_simulate_benchmarking/Cacnes_dropped/community_design/3-raw_data,20X_Cacnes_M,20X_Cacnes_M,Cacnes_classifiers,Pacnes_C1
/home/equ/mit_lieberman/projects/evan/phlame_benchmarking/2024_04_simulate_benchmarking/Cacnes_dropped/community_design/3-raw_data,20X_Cacnes_N,20X_Cacnes_N,Cacnes_classifiers,Pacnes_C1
/home/equ/mit_lieberman/projects/evan/phlame_benchmarking/2024_04_simulate_benchmarking/Cacnes_dropped/community_design/3-raw_data,20X_Cacnes_O,20X_Cacnes_O,Cacnes_classifiers,Pacnes_C1
/home/equ/mit_lieberman/projects/evan/phlame_benchmarking/2024_04_simulate_benchmarking/Cacnes_dropped/community_design/3-raw_data,20X_Cacnes_P,20X_Cacnes_P,Cacnes_classifiers,Pacnes_C1
/home/equ/mit_lieberman/projects/evan/phlame_benchmarking/2024_04_simulate_benchmarking/Cacnes_dropped/community_design/3-raw_data,20X_Cacnes_Q,20X_Cacnes_Q,Cacnes_classifiers,Pacnes_C1
/home/equ/mit_lieberman/projects/evan/phlame_benchmarking/2024_04_simulate_benchmarking/Cacnes_dropped/community_design/3-raw_data,20X_Cacnes_R,20X_Cacnes_R,Cacnes_classifiers,Pacnes_C1
/home/equ/mit_lieberman/projects/evan/phlame_benchmarking/2024_04_simulate_benchmarking/Cacnes_dropped/community_design/3-raw_data,20X_Cacnes_S,20X_Cacnes_S,Cacnes_classifiers,Pacnes_C1
/home/equ/mit_lieberman/projects/evan/phlame_benchmarking/2024_04_simulate_benchmarking/Cacnes_dropped/community_design/3-raw_data,20X_Cacnes_T,20X_Cacnes_T,Cacnes_classifiers,Pacnes_C1
/home/equ/mit_lieberman/projects/evan/phlame_benchmarking/2024_04_simulate_benchmarking/Cacnes_dropped/community_design/3-raw_data,10X_Cacnes_A,10X_Cacnes_A,Cacnes_classifiers,Pacnes_C1
/home/equ/mit_lieberman/projects/evan/phlame_benchmarking/2024_04_simulate_benchmarking/Cacnes_dropped/community_design/3-raw_data,10X_Cacnes_B,10X_Cacnes_B,Cacnes_classifiers,Pacnes_C1
/home/equ/mit_lieberman/projects/evan/phlame_benchmarking/2024_04_simulate_benchmarking/Cacnes_dropped/community_design/3-raw_data,10X_Cacnes_C,10X_Cacnes_C,Cacnes_classifiers,Pacnes_C1
/home/equ/mit_lieberman/projects/evan/phlame_benchmarking/2024_04_simulate_benchmarking/Cacnes_dropped/community_design/3-raw_data,10X_Cacnes_D,10X_Cacnes_D,Cacnes_classifiers,Pacnes_C1
/home/equ/mit_lieberman/projects/evan/phlame_benchmarking/2024_04_simulate_benchmarking/Cacnes_dropped/community_design/3-raw_data,10X_Cacnes_E,10X_Cacnes_E,Cacnes_classifiers,Pacnes_C1
/home/equ/mit_lieberman/projects/evan/phlame_benchmarking/2024_04_simulate_benchmarking/Cacnes_dropped/community_design/3-raw_data,10X_Cacnes_F,10X_Cacnes_F,Cacnes_classifiers,Pacnes_C1
/home/equ/mit_lieberman/projects/evan/phlame_benchmarking/2024_04_simulate_benchmarking/Cacnes_dropped/community_design/3-raw_data,10X_Cacnes_G,10X_Cacnes_G,Cacnes_classifiers,Pacnes_C1
/home/equ/mit_lieberman/projects/evan/phlame_benchmarking/2024_04_simulate_benchmarking/Cacnes_dropped/community_design/3-raw_data,10X_Cacnes_H,10X_Cacnes_H,Cacnes_classifiers,Pacnes_C1
/home/equ/mit_lieberman/projects/evan/phlame_benchmarking/2024_04_simulate_benchmarking/Cacnes_dropped/community_design/3-raw_data,10X_Cacnes_I,10X_Cacnes_I,Cacnes_classifiers,Pacnes_C1
/home/equ/mit_lieberman/projects/evan/phlame_benchmarking/2024_04_simulate_benchmarking/Cacnes_dropped/community_design/3-raw_data,10X_Cacnes_J,10X_Cacnes_J,Cacnes_classifiers,Pacnes_C1
/home/equ/mit_lieberman/projects/evan/phlame_benchmarking/2024_04_simulate_benchmarking/Cacnes_dropped/community_design/3-raw_data,10X_Cacnes_K,10X_Cacnes_K,Cacnes_classifiers,Pacnes_C1
/home/equ/mit_lieberman/projects/evan/phlame_benchmarking/2024_04_simulate_benchmarking/Cacnes_dropped/community_design/3-raw_data,10X_Cacnes_L,10X_Cacnes_L,Cacnes_classifiers,Pacnes_C1
/home/equ/mit_lieberman/projects/evan/phlame_benchmarking/2024_04_simulate_benchmarking/Cacnes_dropped/community_design/3-raw_data,10X_Cacnes_M,10X_Cacnes_M,Cacnes_classifiers,Pacnes_C1
/home/equ/mit_lieberman/projects/evan/phlame_benchmarking/2024_04_simulate_benchmarking/Cacnes_dropped/community_design/3-raw_data,10X_Cacnes_N,10X_Cacnes_N,Cacnes_classifiers,Pacnes_C1
/home/equ/mit_lieberman/projects/evan/phlame_benchmarking/2024_04_simulate_benchmarking/Cacnes_dropped/community_design/3-raw_data,10X_Cacnes_O,10X_Cacnes_O,Cacnes_classifiers,Pacnes_C1
/home/equ/mit_lieberman/projects/evan/phlame_benchmarking/2024_04_simulate_benchmarking/Cacnes_dropped/community_design/3-raw_data,10X_Cacnes_P,10X_Cacnes_P,Cacnes_classifiers,Pacnes_C1
/home/equ/mit_lieberman/projects/evan/phlame_benchmarking/2024_04_simulate_benchmarking/Cacnes_dropped/community_design/3-raw_data,10X_Cacnes_Q,10X_Cacnes_Q,Cacnes_classifiers,Pacnes_C1
/home/equ/mit_lieberman/projects/evan/phlame_benchmarking/2024_04_simulate_benchmarking/Cacnes_dropped/community_design/3-raw_data,10X_Cacnes_R,10X_Cacnes_R,Cacnes_classifiers,Pacnes_C1
/home/equ/mit_lieberman/projects/evan/phlame_benchmarking/2024_04_simulate_benchmarking/Cacnes_dropped/community_design/3-raw_data,10X_Cacnes_S,10X_Cacnes_S,Cacnes_classifiers,Pacnes_C1
/home/equ/mit_lieberman/projects/evan/phlame_benchmarking/2024_04_simulate_benchmarking/Cacnes_dropped/community_design/3-raw_data,10X_Cacnes_T,10X_Cacnes_T,Cacnes_classifiers,Pacnes_C1
/home/equ/mit_lieberman/projects/evan/phlame_benchmarking/2024_04_simulate_benchmarking/Cacnes_dropped/community_design/3-raw_data,5X_Cacnes_A,5X_Cacnes_A,Cacnes_classifiers,Pacnes_C1
/home/equ/mit_lieberman/projects/evan/phlame_benchmarking/2024_04_simulate_benchmarking/Cacnes_dropped/community_design/3-raw_data,5X_Cacnes_B,5X_Cacnes_B,Cacnes_classifiers,Pacnes_C1
/home/equ/mit_lieberman/projects/evan/phlame_benchmarking/2024_04_simulate_benchmarking/Cacnes_dropped/community_design/3-raw_data,5X_Cacnes_C,5X_Cacnes_C,Cacnes_classifiers,Pacnes_C1
/home/equ/mit_lieberman/projects/evan/phlame_benchmarking/2024_04_simulate_benchmarking/Cacnes_dropped/community_design/3-raw_data,5X_Cacnes_D,5X_Cacnes_D,Cacnes_classifiers,Pacnes_C1
/home/equ/mit_lieberman/projects/evan/phlame_benchmarking/2024_04_simulate_benchmarking/Cacnes_dropped/community_design/3-raw_data,5X_Cacnes_E,5X_Cacnes_E,Cacnes_classifiers,Pacnes_C1
/home/equ/mit_lieberman/projects/evan/phlame_benchmarking/2024_04_simulate_benchmarking/Cacnes_dropped/community_design/3-raw_data,5X_Cacnes_F,5X_Cacnes_F,Cacnes_classifiers,Pacnes_C1
/home/equ/mit_lieberman/projects/evan/phlame_benchmarking/2024_04_simulate_benchmarking/Cacnes_dropped/community_design/3-raw_data,5X_Cacnes_G,5X_Cacnes_G,Cacnes_classifiers,Pacnes_C1
/home/equ/mit_lieberman/projects/evan/phlame_benchmarking/2024_04_simulate_benchmarking/Cacnes_dropped/community_design/3-raw_data,5X_Cacnes_H,5X_Cacnes_H,Cacnes_classifiers,Pacnes_C1
/home/equ/mit_lieberman/projects/evan/phlame_benchmarking/2024_04_simulate_benchmarking/Cacnes_dropped/community_design/3-raw_data,5X_Cacnes_I,5X_Cacnes_I,Cacnes_classifiers,Pacnes_C1
/home/equ/mit_lieberman/projects/evan/phlame_benchmarking/2024_04_simulate_benchmarking/Cacnes_dropped/community_design/3-raw_data,5X_Cacnes_J,5X_Cacnes_J,Cacnes_classifiers,Pacnes_C1
/home/equ/mit_lieberman/projects/evan/phlame_benchmarking/2024_04_simulate_benchmarking/Cacnes_dropped/community_design/3-raw_data,5X_Cacnes_K,5X_Cacnes_K,Cacnes_classifiers,Pacnes_C1
/home/equ/mit_lieberman/projects/evan/phlame_benchmarking/2024_04_simulate_benchmarking/Cacnes_dropped/community_design/3-raw_data,5X_Cacnes_L,5X_Cacnes_L,Cacnes_classifiers,Pacnes_C1
/home/equ/mit_lieberman/projects/evan/phlame_benchmarking/2024_04_simulate_benchmarking/Cacnes_dropped/community_design/3-raw_data,5X_Cacnes_M,5X_Cacnes_M,Cacnes_classifiers,Pacnes_C1
/home/equ/mit_lieberman/projects/evan/phlame_benchmarking/2024_04_simulate_benchmarking/Cacnes_dropped/community_design/3-raw_data,5X_Cacnes_N,5X_Cacnes_N,Cacnes_classifiers,Pacnes_C1
/home/equ/mit_lieberman/projects/evan/phlame_benchmarking/2024_04_simulate_benchmarking/Cacnes_dropped/community_design/3-raw_data,5X_Cacnes_O,5X_Cacnes_O,Cacnes_classifiers,Pacnes_C1
/home/equ/mit_lieberman/projects/evan/phlame_benchmarking/2024_04_simulate_benchmarking/Cacnes_dropped/community_design/3-raw_data,5X_Cacnes_P,5X_Cacnes_P,Cacnes_classifiers,Pacnes_C1
/home/equ/mit_lieberman/projects/evan/phlame_benchmarking/2024_04_simulate_benchmarking/Cacnes_dropped/community_design/3-raw_data,5X_Cacnes_Q,5X_Cacnes_Q,Cacnes_classifiers,Pacnes_C1
/home/equ/mit_lieberman/projects/evan/phlame_benchmarking/2024_04_simulate_benchmarking/Cacnes_dropped/community_design/3-raw_data,5X_Cacnes_R,5X_Cacnes_R,Cacnes_classifiers,Pacnes_C1
/home/equ/mit_lieberman/projects/evan/phlame_benchmarking/2024_04_simulate_benchmarking/Cacnes_dropped/community_design/3-raw_data,5X_Cacnes_S,5X_Cacnes_S,Cacnes_classifiers,Pacnes_C1
/home/equ/mit_lieberman/projects/evan/phlame_benchmarking/2024_04_simulate_benchmarking/Cacnes_dropped/community_design/3-raw_data,5X_Cacnes_T,5X_Cacnes_T,Cacnes_classifiers,Pacnes_C1
/home/equ/mit_lieberman/projects/evan/phlame_benchmarking/2024_04_simulate_benchmarking/Cacnes_dropped/community_design/3-raw_data,1X_Cacnes_A,1X_Cacnes_A,Cacnes_classifiers,Pacnes_C1
/home/equ/mit_lieberman/projects/evan/phlame_benchmarking/2024_04_simulate_benchmarking/Cacnes_dropped/community_design/3-raw_data,1X_Cacnes_B,1X_Cacnes_B,Cacnes_classifiers,Pacnes_C1
/home/equ/mit_lieberman/projects/evan/phlame_benchmarking/2024_04_simulate_benchmarking/Cacnes_dropped/community_design/3-raw_data,1X_Cacnes_C,1X_Cacnes_C,Cacnes_classifiers,Pacnes_C1
/home/equ/mit_lieberman/projects/evan/phlame_benchmarking/2024_04_simulate_benchmarking/Cacnes_dropped/community_design/3-raw_data,1X_Cacnes_D,1X_Cacnes_D,Cacnes_classifiers,Pacnes_C1
/home/equ/mit_lieberman/projects/evan/phlame_benchmarking/2024_04_simulate_benchmarking/Cacnes_dropped/community_design/3-raw_data,1X_Cacnes_E,1X_Cacnes_E,Cacnes_classifiers,Pacnes_C1
/home/equ/mit_lieberman/projects/evan/phlame_benchmarking/2024_04_simulate_benchmarking/Cacnes_dropped/community_design/3-raw_data,1X_Cacnes_F,1X_Cacnes_F,Cacnes_classifiers,Pacnes_C1
/home/equ/mit_lieberman/projects/evan/phlame_benchmarking/2024_04_simulate_benchmarking/Cacnes_dropped/community_design/3-raw_data,1X_Cacnes_G,1X_Cacnes_G,Cacnes_classifiers,Pacnes_C1
/home/equ/mit_lieberman/projects/evan/phlame_benchmarking/2024_04_simulate_benchmarking/Cacnes_dropped/community_design/3-raw_data,1X_Cacnes_H,1X_Cacnes_H,Cacnes_classifiers,Pacnes_C1
/home/equ/mit_lieberman/projects/evan/phlame_benchmarking/2024_04_simulate_benchmarking/Cacnes_dropped/community_design/3-raw_data,1X_Cacnes_I,1X_Cacnes_I,Cacnes_classifiers,Pacnes_C1
/home/equ/mit_lieberman/projects/evan/phlame_benchmarking/2024_04_simulate_benchmarking/Cacnes_dropped/community_design/3-raw_data,1X_Cacnes_J,1X_Cacnes_J,Cacnes_classifiers,Pacnes_C1
/home/equ/mit_lieberman/projects/evan/phlame_benchmarking/2024_04_simulate_benchmarking/Cacnes_dropped/community_design/3-raw_data,1X_Cacnes_K,1X_Cacnes_K,Cacnes_classifiers,Pacnes_C1
/home/equ/mit_lieberman/projects/evan/phlame_benchmarking/2024_04_simulate_benchmarking/Cacnes_dropped/community_design/3-raw_data,1X_Cacnes_L,1X_Cacnes_L,Cacnes_classifiers,Pacnes_C1
/home/equ/mit_lieberman/projects/evan/phlame_benchmarking/2024_04_simulate_benchmarking/Cacnes_dropped/community_design/3-raw_data,1X_Cacnes_M,1X_Cacnes_M,Cacnes_classifiers,Pacnes_C1
/home/equ/mit_lieberman/projects/evan/phlame_benchmarking/2024_04_simulate_benchmarking/Cacnes_dropped/community_design/3-raw_data,1X_Cacnes_N,1X_Cacnes_N,Cacnes_classifiers,Pacnes_C1
/home/equ/mit_lieberman/projects/evan/phlame_benchmarking/2024_04_simulate_benchmarking/Cacnes_dropped/community_design/3-raw_data,1X_Cacnes_O,1X_Cacnes_O,Cacnes_classifiers,Pacnes_C1
/home/equ/mit_lieberman/projects/evan/phlame_benchmarking/2024_04_simulate_benchmarking/Cacnes_dropped/community_design/3-raw_data,1X_Cacnes_P,1X_Cacnes_P,Cacnes_classifiers,Pacnes_C1
/home/equ/mit_lieberman/projects/evan/phlame_benchmarking/2024_04_simulate_benchmarking/Cacnes_dropped/community_design/3-raw_data,1X_Cacnes_Q,1X_Cacnes_Q,Cacnes_classifiers,Pacnes_C1
/home/equ/mit_lieberman/projects/evan/phlame_benchmarking/2024_04_simulate_benchmarking/Cacnes_dropped/community_design/3-raw_data,1X_Cacnes_R,1X_Cacnes_R,Cacnes_classifiers,Pacnes_C1
/home/equ/mit_lieberman/projects/evan/phlame_benchmarking/2024_04_simulate_benchmarking/Cacnes_dropped/community_design/3-raw_data,1X_Cacnes_S,1X_Cacnes_S,Cacnes_classifiers,Pacnes_C1
/home/equ/mit_lieberman/projects/evan/phlame_benchmarking/2024_04_simulate_benchmarking/Cacnes_dropped/community_design/3-raw_data,1X_Cacnes_T,1X_Cacnes_T,Cacnes_classifiers,Pacnes_C1
/home/equ/mit_lieberman/projects/evan/phlame_benchmarking/2024_04_simulate_benchmarking/Cacnes_dropped/community_design/3-raw_data,05X_Cacnes_A,0.5X_Cacnes_A,Cacnes_classifiers,Pacnes_C1
/home/equ/mit_lieberman/projects/evan/phlame_benchmarking/2024_04_simulate_benchmarking/Cacnes_dropped/community_design/3-raw_data,05X_Cacnes_B,0.5X_Cacnes_B,Cacnes_classifiers,Pacnes_C1
/home/equ/mit_lieberman/projects/evan/phlame_benchmarking/2024_04_simulate_benchmarking/Cacnes_dropped/community_design/3-raw_data,05X_Cacnes_C,0.5X_Cacnes_C,Cacnes_classifiers,Pacnes_C1
/home/equ/mit_lieberman/projects/evan/phlame_benchmarking/2024_04_simulate_benchmarking/Cacnes_dropped/community_design/3-raw_data,05X_Cacnes_D,0.5X_Cacnes_D,Cacnes_classifiers,Pacnes_C1
/home/equ/mit_lieberman/projects/evan/phlame_benchmarking/2024_04_simulate_benchmarking/Cacnes_dropped/community_design/3-raw_data,05X_Cacnes_E,0.5X_Cacnes_E,Cacnes_classifiers,Pacnes_C1
/home/equ/mit_lieberman/projects/evan/phlame_benchmarking/2024_04_simulate_benchmarking/Cacnes_dropped/community_design/3-raw_data,05X_Cacnes_F,0.5X_Cacnes_F,Cacnes_classifiers,Pacnes_C1
/home/equ/mit_lieberman/projects/evan/phlame_benchmarking/2024_04_simulate_benchmarking/Cacnes_dropped/community_design/3-raw_data,05X_Cacnes_G,0.5X_Cacnes_G,Cacnes_classifiers,Pacnes_C1
/home/equ/mit_lieberman/projects/evan/phlame_benchmarking/2024_04_simulate_benchmarking/Cacnes_dropped/community_design/3-raw_data,05X_Cacnes_H,0.5X_Cacnes_H,Cacnes_classifiers,Pacnes_C1
/home/equ/mit_lieberman/projects/evan/phlame_benchmarking/2024_04_simulate_benchmarking/Cacnes_dropped/community_design/3-raw_data,05X_Cacnes_I,0.5X_Cacnes_I,Cacnes_classifiers,Pacnes_C1
/home/equ/mit_lieberman/projects/evan/phlame_benchmarking/2024_04_simulate_benchmarking/Cacnes_dropped/community_design/3-raw_data,05X_Cacnes_J,0.5X_Cacnes_J,Cacnes_classifiers,Pacnes_C1
/home/equ/mit_lieberman/projects/evan/phlame_benchmarking/2024_04_simulate_benchmarking/Cacnes_dropped/community_design/3-raw_data,05X_Cacnes_K,0.5X_Cacnes_K,Cacnes_classifiers,Pacnes_C1
/home/equ/mit_lieberman/projects/evan/phlame_benchmarking/2024_04_simulate_benchmarking/Cacnes_dropped/community_design/3-raw_data,05X_Cacnes_L,0.5X_Cacnes_L,Cacnes_classifiers,Pacnes_C1
/home/equ/mit_lieberman/projects/evan/phlame_benchmarking/2024_04_simulate_benchmarking/Cacnes_dropped/community_design/3-raw_data,05X_Cacnes_M,0.5X_Cacnes_M,Cacnes_classifiers,Pacnes_C1
/home/equ/mit_lieberman/projects/evan/phlame_benchmarking/2024_04_simulate_benchmarking/Cacnes_dropped/community_design/3-raw_data,05X_Cacnes_N,0.5X_Cacnes_N,Cacnes_classifiers,Pacnes_C1
/home/equ/mit_lieberman/projects/evan/phlame_benchmarking/2024_04_simulate_benchmarking/Cacnes_dropped/community_design/3-raw_data,05X_Cacnes_O,0.5X_Cacnes_O,Cacnes_classifiers,Pacnes_C1
/home/equ/mit_lieberman/projects/evan/phlame_benchmarking/2024_04_simulate_benchmarking/Cacnes_dropped/community_design/3-raw_data,05X_Cacnes_P,0.5X_Cacnes_P,Cacnes_classifiers,Pacnes_C1
/home/equ/mit_lieberman/projects/evan/phlame_benchmarking/2024_04_simulate_benchmarking/Cacnes_dropped/community_design/3-raw_data,05X_Cacnes_Q,0.5X_Cacnes_Q,Cacnes_classifiers,Pacnes_C1
/home/equ/mit_lieberman/projects/evan/phlame_benchmarking/2024_04_simulate_benchmarking/Cacnes_dropped/community_design/3-raw_data,05X_Cacnes_R,0.5X_Cacnes_R,Cacnes_classifiers,Pacnes_C1
/home/equ/mit_lieberman/projects/evan/phlame_benchmarking/2024_04_simulate_benchmarking/Cacnes_dropped/community_design/3-raw_data,05X_Cacnes_S,0.5X_Cacnes_S,Cacnes_classifiers,Pacnes_C1
/home/equ/mit_lieberman/projects/evan/phlame_benchmarking/2024_04_simulate_benchmarking/Cacnes_dropped/community_design/3-raw_data,05X_Cacnes_T,0.5X_Cacnes_T,Cacnes_classifiers,Pacnes_C1
/home/equ/mit_lieberman/projects/evan/phlame_benchmarking/2024_04_simulate_benchmarking/Cacnes_dropped/community_design/3-raw_data,01X_Cacnes_A,0.1X_Cacnes_A,Cacnes_classifiers,Pacnes_C1
/home/equ/mit_lieberman/projects/evan/phlame_benchmarking/2024_04_simulate_benchmarking/Cacnes_dropped/community_design/3-raw_data,01X_Cacnes_B,0.1X_Cacnes_B,Cacnes_classifiers,Pacnes_C1
/home/equ/mit_lieberman/projects/evan/phlame_benchmarking/2024_04_simulate_benchmarking/Cacnes_dropped/community_design/3-raw_data,01X_Cacnes_C,0.1X_Cacnes_C,Cacnes_classifiers,Pacnes_C1
/home/equ/mit_lieberman/projects/evan/phlame_benchmarking/2024_04_simulate_benchmarking/Cacnes_dropped/community_design/3-raw_data,01X_Cacnes_D,0.1X_Cacnes_D,Cacnes_classifiers,Pacnes_C1
/home/equ/mit_lieberman/projects/evan/phlame_benchmarking/2024_04_simulate_benchmarking/Cacnes_dropped/community_design/3-raw_data,01X_Cacnes_E,0.1X_Cacnes_E,Cacnes_classifiers,Pacnes_C1
/home/equ/mit_lieberman/projects/evan/phlame_benchmarking/2024_04_simulate_benchmarking/Cacnes_dropped/community_design/3-raw_data,01X_Cacnes_F,0.1X_Cacnes_F,Cacnes_classifiers,Pacnes_C1
/home/equ/mit_lieberman/projects/evan/phlame_benchmarking/2024_04_simulate_benchmarking/Cacnes_dropped/community_design/3-raw_data,01X_Cacnes_G,0.1X_Cacnes_G,Cacnes_classifiers,Pacnes_C1
/home/equ/mit_lieberman/projects/evan/phlame_benchmarking/2024_04_simulate_benchmarking/Cacnes_dropped/community_design/3-raw_data,01X_Cacnes_H,0.1X_Cacnes_H,Cacnes_classifiers,Pacnes_C1
/home/equ/mit_lieberman/projects/evan/phlame_benchmarking/2024_04_simulate_benchmarking/Cacnes_dropped/community_design/3-raw_data,01X_Cacnes_I,0.1X_Cacnes_I,Cacnes_classifiers,Pacnes_C1
/home/equ/mit_lieberman/projects/evan/phlame_benchmarking/2024_04_simulate_benchmarking/Cacnes_dropped/community_design/3-raw_data,01X_Cacnes_J,0.1X_Cacnes_J,Cacnes_classifiers,Pacnes_C1
/home/equ/mit_lieberman/projects/evan/phlame_benchmarking/2024_04_simulate_benchmarking/Cacnes_dropped/community_design/3-raw_data,01X_Cacnes_K,0.1X_Cacnes_K,Cacnes_classifiers,Pacnes_C1
/home/equ/mit_lieberman/projects/evan/phlame_benchmarking/2024_04_simulate_benchmarking/Cacnes_dropped/community_design/3-raw_data,01X_Cacnes_L,0.1X_Cacnes_L,Cacnes_classifiers,Pacnes_C1
/home/equ/mit_lieberman/projects/evan/phlame_benchmarking/2024_04_simulate_benchmarking/Cacnes_dropped/community_design/3-raw_data,01X_Cacnes_M,0.1X_Cacnes_M,Cacnes_classifiers,Pacnes_C1
/home/equ/mit_lieberman/projects/evan/phlame_benchmarking/2024_04_simulate_benchmarking/Cacnes_dropped/community_design/3-raw_data,01X_Cacnes_N,0.1X_Cacnes_N,Cacnes_classifiers,Pacnes_C1
/home/equ/mit_lieberman/projects/evan/phlame_benchmarking/2024_04_simulate_benchmarking/Cacnes_dropped/community_design/3-raw_data,01X_Cacnes_O,0.1X_Cacnes_O,Cacnes_classifiers,Pacnes_C1
/home/equ/mit_lieberman/projects/evan/phlame_benchmarking/2024_04_simulate_benchmarking/Cacnes_dropped/community_design/3-raw_data,01X_Cacnes_P,0.1X_Cacnes_P,Cacnes_classifiers,Pacnes_C1
/home/equ/mit_lieberman/projects/evan/phlame_benchmarking/2024_04_simulate_benchmarking/Cacnes_dropped/community_design/3-raw_data,01X_Cacnes_Q,0.1X_Cacnes_Q,Cacnes_classifiers,Pacnes_C1
/home/equ/mit_lieberman/projects/evan/phlame_benchmarking/2024_04_simulate_benchmarking/Cacnes_dropped/community_design/3-raw_data,01X_Cacnes_R,0.1X_Cacnes_R,Cacnes_classifiers,Pacnes_C1
/home/equ/mit_lieberman/projects/evan/phlame_benchmarking/2024_04_simulate_benchmarking/Cacnes_dropped/community_design/3-raw_data,01X_Cacnes_S,0.1X_Cacnes_S,Cacnes_classifiers,Pacnes_C1
/home/equ/mit_lieberman/projects/evan/phlame_benchmarking/2024_04_simulate_benchmarking/Cacnes_dropped/community_design/3-raw_data,01X_Cacnes_T,0.1X_Cacnes_T,Cacnes_classifiers,Pacnes_C1